Model,Score
KNN,0.9074074074074074
RFC,0.9691358024691358
SVC,0.9691358024691358
DTC,0.9259259259259259
