Model,Score
KNN,0.9166666666666666
RFC,0.9814814814814815
SVC,0.9629629629629629
DTC,0.9351851851851852
